"Address","Latitude","Longitude"
"BTI",70.1340026855,-143.582000732
"LUR",68.87509918,-166.1100006
"PIZ",69.73290253,-163.0050049
"ITO",19.721399307251,-155.048004150391
"ORL",28.545499801636,-81.332901000977
"BTT",66.91390228,-151.529007
"Z84",64.301201,-149.119995
"UTO",65.99279785,-153.7039948
"FYU",66.5715026855469,-145.25
"SVW",61.09740067,-155.5740051
"FRN",61.26639938,-149.6529999
"TLJ",62.8944015503,-155.977005005
"CZF",61.78030014,-166.0390015
"BED",42.47000122,-71.28900146
"SNP",57.1673011779785,-170.220001220703
"EHM",58.6464004517,-162.06300354
"STG",56.5783004761,-169.662002563
"ILI",59.75439835,-154.9109955
"PTU",59.0113983154297,-161.820007324219
"BMX",59.3611984253,-155.259002686
"OSC",44.45159912,-83.39409637
"OAR",36.68190002,-121.762001
"MHR",38.55390167,-121.2979965
"BYS",35.2804985046,-116.629997253
"NXP",34.2961998,-116.1620026
"FSM",35.3366012573242,-94.3674011230469
"MRI",61.2135009765625,-149.843994140625
"GNT",35.167301178,-107.902000427
"PNC",36.73199844,-97.09980011
"SVN",32.00999832,-81.14569855
"GFK",47.949299,-97.176102
"PBF",34.1730995178,-91.9356002808
"NSE",30.7241993,-87.02189636
"HNM",20.7956008911133,-156.014007568359
"PRC",34.65449905,-112.4199982
"TTN",40.2766990661621,-74.8134994506836
"BOS",42.36429977,-71.00520325
"SUU",38.262699127197,-121.92700195312
"RME",43.23379898,-75.40699768
"ENV",40.7187004089,-114.03099823
"BFM",30.6268005371,-88.0680999756
"OAK",37.7212982177734,-122.221000671387
"OMA",41.3031997680664,-95.8940963745117
"NOW",48.1414985656738,-123.414001464844
"OGG",20.8985996246338,-156.429992675781
"ICT",37.6498985290527,-97.4330978393555
"MCI",39.2976,-94.713898
"MSN",43.1399002075195,-89.3375015258789
"DLG",59.04470062,-158.5050049
"HRO",36.2615013122559,-93.1547012329102
"PHX",33.4342994689941,-112.012001037598
"BGR",44.8073997497559,-68.8281021118164
"FXE",26.1972999573,-80.1707000732
"GGG",32.3839988708496,-94.7115020751953
"AND",34.4945983887,-82.7093963623
"GEG",47.6198997497559,-117.533996582031
"HWO",26.0011997223,-80.2406997681
"SFO",37.6189994812012,-122.375
"CTB",48.6083984375,-112.375999451
"ARA",30.0378,-91.883904
"GNV",29.6900997162,-82.2717971802
"MEM",35.0424003601074,-89.9766998291016
"DUG",31.4689998627,-109.603996277
"BIG",63.9944992065,-145.722000122
"CNW",31.6378002167,-97.0740966797
"ANN",55.0424003601074,-131.572006225586
"CAR",46.8714981079,-68.0178985596
"LRF",34.9169006348,-92.1496963501
"HUA",34.67869949,-86.68479919
"POB",35.1708984375,-79.014503479004
"DHT",36.0225982666,-102.54699707
"DLF",29.359500885,-100.777999878
"LAX",33.94250107,-118.4079971
"ANB",33.58819962,-85.85810089
"CLE",41.4117012024,-81.8498001099
"DOV",39.12950134,-75.46600342
"CVG",39.0488014221,-84.6678009033
"FME",39.0853996277,-76.7593994141
"NID",35.6853981,-117.6920013
"HON",44.3852005004883,-98.2285003662109
"JNU",58.3549995422363,-134.57600402832
"LFT",30.20529938,-91.98760223
"EWR",40.6925010681152,-74.168701171875
"BOI",43.56439972,-116.2229996
"INS",36.5872001648,-115.672996521
"GCK",37.9275016785,-100.723999023
"MOT",48.2593994140625,-101.279998779297
"HHI",21.48349953,-158.0399933
"MXF",32.3829002380371,-86.3657989501953
"\N",34.85010147,-92.30020142
"DAL",32.8470993041992,-96.8517990112305
"FCS",38.67839813,-104.7570038
"HLN",46.6068000793457,-111.983001708984
"NKX",32.86840057,-117.1429977
"LUF",33.5349998474,-112.383003235
"\N",30.4277992248535,-86.6893005371094
"HHR",33.922798,-118.334999
"HUL",46.1231002808,-67.792098999
"END",36.3391990662,-97.9164962769
"NTD",34.120300293,-119.121002197
"EDW",34.905399,-117.884003
"LCH",30.1261005401611,-93.2232971191406
"KOA",19.7388000488281,-156.046005249023
"MYR",33.6796989441,-78.9282989502
"NLC",36.33300018,-119.9520035
"ACK",41.25310135,-70.06020355
"FAF",37.1324996948,-76.6088027954
"HOP",36.668598175,-87.4962005615
"DCA",38.8521,-77.037697
"NHK",38.2859993,-76.41179657
"PSX",28.727500915527,-96.250999450684
"BYH",35.9642982483,-89.9440002441
"ACY",39.4575996398926,-74.5772018432617
"TIK",35.414699554443,-97.386596679688
"PUB",38.2891006469727,-104.497001647949
"PQI",46.68899918,-68.0447998
"GRF",47.07920074,-122.5810013
"ADQ",57.75,-152.4940033
"UPP",20.2653007507324,-155.860000610352
"FLL",26.0725994110107,-80.152702331543
"MKO",35.65650177,-95.36669922
"INL",48.5662002563477,-93.4030990600586
"SLC",40.7883987426758,-111.977996826172
"CDS",34.4337997437,-100.288002014
"BIX",30.4104003906,-88.9244003296
"LSF",32.3372993469,-84.9913024902
"FRI",39.05530167,-96.76450348
"MDT",40.1935005188,-76.7633972168
"LNK",40.851001739502,-96.7592010498047
"LAN",42.7787017822266,-84.58740234375
"MUE",20.0013008117676,-155.667999267578
"MSS",44.9357986450195,-74.8455963134766
"HKY",35.74110031,-81.38950348
"SPG",27.765100479126,-82.6269989013672
"FMY",26.58659935,-81.8632965088
"IAH",29.9843997955322,-95.3414001464844
"MLT",45.6478004455566,-68.6856002807617
"ADW",38.810798645,-76.8669967651
"INT",36.1337013244629,-80.2220001220703
"VCV",34.5974998474,-117.383003235
"CEW",30.778799057,-86.522102356
"GTB",44.05559921,-75.71949768
"PHN",42.9109993,-82.52890015
"BFL",35.43360138,-119.0569992
"ELP",31.80719948,-106.3779984
"HRL",26.2285003662109,-97.6544036865234
"CAE",33.9388008117676,-81.119499206543
"DMA",32.1665000916,-110.883003235
"NPA",30.35269928,-87.31860352
"PNS",30.473400115967,-87.186599731445
"RDR",47.961101532,-97.4011993408
"HOU",29.64539909,-95.27890015
"BKF",39.7016983032,-104.751998901
"ORT",62.9612999,-141.9290009
"PAQ",61.594898223877,-149.089004516602
"PIT",40.49150085,-80.23290253
"BRW",71.285402,-156.766008
"EFD",29.6072998047,-95.1587982178
"NUW",48.35179901,-122.6559982
"ALI",27.7409000397,-98.0269012451
"VAD",30.9678001404,-83.1930007935
"MIA",25.7931995391846,-80.2906036376953
"SEA",47.4490013122559,-122.30899810791
"CHA",35.0353012084961,-85.2037963867188
"BDR",41.163501739502,-73.1261978149414
"JAN",32.3111991882,-90.0758972168
"GLS",29.2653007507324,-94.8603973388672
"LGB",33.81769943,-118.1520004
"HDH",21.5795001984,-158.197006226
"IPT",41.2417984008789,-76.9210968017578
"IND",39.7173,-86.294403
"SZL",38.73030090332,-93.547897338867
"AKC",41.0374984741,-81.4669036865
"GWO",33.4943008423,-90.0847015381
"HPN",41.0670013427734,-73.7076034545898
"FOK",40.8437004089,-72.6317977905
"JBR",35.8316993713379,-90.6464004516602
"\N",37.7988014221,-116.78099823
"LNA",26.59300041,-80.08509827
"NZY",32.69919968,-117.2149963
"BIF",31.84950066,-106.3799973
"YUM",32.65660095,-114.6060028
"CNM",32.3375015258789,-104.263000488281
"DLH",46.8420982361,-92.1936035156
"BET",60.77980042,-161.8379974
"LOU",38.2280006409,-85.6636962891
"FHU",31.5884990692139,-110.34400177002
"LIH",21.9759998321533,-159.339004516602
"HUF",39.4514999389648,-87.3076019287109
"HVR",48.54299927,-109.762001
"MWH",47.20769882,-119.3199997
"MPV",44.20349884,-72.56230164
"\N",33.2397994995117,-119.458000183105
"RIC",37.505199432373,-77.3197021484375
"SHV",32.4466018676758,-93.8255996704102
"CDV",60.4917984,-145.4779968
"ORF",36.8945999145508,-76.2012023925781
"BPT",29.9507999420166,-94.0206985473633
"SAV",32.12760162,-81.20210266
"HIF",41.12403,-111.973086
"OME",64.5121994018555,-165.445007324219
"\N",45.7709999084473,-122.861999511719
"PIE",27.91020012,-82.68740082
"MNM",45.1267013549805,-87.6383972167969
"CXO",30.3518009186,-95.4144973755
"SCC",70.19470215,-148.4649963
"SAT",29.5337009429932,-98.4698028564453
"ROC",43.1189002990723,-77.6724014282227
"COF",28.2348995209,-80.6100997925
"TEB",40.8501014709,-74.060798645
"RCA",44.14500046,-103.1039963
"RDU",35.8776016235352,-78.7874984741211
"DAY",39.902400970459,-84.2193984985352
"ENA",60.5731010437012,-151.244995117188
"MLC",34.88240051,-95.78350067
"IAG",43.1072998046875,-78.9461975097656
"CFD",30.7157001495,-96.3313980103
"\N",31.88909912,-81.56230164
"PHF",37.13190079,-76.49299622
"ESF",31.3948993683,-92.2957992554
"LTS",34.667098999,-99.2667007446
"TUS",32.1161003112793,-110.94100189209
"MIB",48.41559982,-101.3580017
"BAB",39.136100769,-121.43699646
"IKK",41.0713996887,-87.8462982178
"GSB",35.33940125,-77.96060181
"PVD",41.7326011657715,-71.4204025268555
"SBY",38.3404998779297,-75.5102996826172
"RIU",38.4868011474609,-121.102996826172
"BUR",34.2006988525391,-118.359001159668
"DTW",42.2123985290527,-83.353401184082
"TPA",27.9755001068115,-82.533203125
"PMB",48.9425010681,-97.2407989502
"POE",31.0447998,-93.1917038
"EIL",64.66570282,-147.102005
"HIB",47.38660049,-92.83899689
"LFK",31.2339992523,-94.75
"MAF",31.9424991607666,-102.202003479004
"GRB",44.4850997924805,-88.1296005249023
"ADM",34.30301,-97.0196342
"WRI",40.0155983,-74.59169769
"\N",34.90090179,-76.88069916
"SBO",32.6091003417969,-82.3699035644531
"AGS",33.3698997497559,-81.9645004272461
"ISN",48.177898407,-103.641998291
"LIT",34.7294006348,-92.2242965698
"SWF",41.5041007995605,-74.1047973632812
"BDE",48.7284011841,-94.612197876
"SAC",38.5125007629,-121.492996216
"HOM",59.6455993652344,-151.477005004883
"TBN",37.74160004,-92.14070129
"MGE",33.91540146,-84.51629639
"SKA",47.6151008606,-117.65599823
"HTL",44.359798,-84.671095
"PAM",30.0695991516,-85.5754013062
"DFW",32.896800994873,-97.0380020141602
"MLB",28.1028003692627,-80.6453018188477
"TCM",47.1376991272,-122.475997925
"AUS",30.1944999694824,-97.6698989868164
"LCK",39.813801,-82.927803
"MQT",46.3535995483,-87.395401001
"TYS",35.81100082,-83.9940033
"HLR",31.1387004852,-97.7145004272
"STL",38.7486991882324,-90.370002746582
"MIV",39.3678016662598,-75.0721969604492
"SPS",33.98880005,-98.49189758
"LUK",39.10329819,-84.41860199
"ATL",33.6366996765137,-84.4281005859375
"MER",37.38050079,-120.5680008
"MCC",38.66759872,-121.401001
"GRR",42.88079834,-85.52279663
"INK",31.7796001434,-103.200996399
"FAT",36.7761993408203,-119.718002319336
"VRB",27.655599594116,-80.417900085449
"IPL",32.8342018127,-115.57900238
"BNA",36.1245002746582,-86.6781997680664
"LRD",27.5438003540039,-99.4616012573242
"EDF",61.2509994506836,-149.807006835938
"OTZ",66.88469696,-162.598999
"AOO",40.29639816,-78.31999969
"DYS",32.4207992554,-99.854598999
"ELD",33.2210006713867,-92.8133010864258
"LGA",40.77719879,-73.87259674
"TLH",30.3964996337891,-84.3503036499023
"DPA",41.90779877,-88.24859619
"ACT",31.6112995147705,-97.2304992675781
"AUG",44.3205986023,-69.7973022461
"INJ",32.08349991,-97.09719849
"MKL",35.59989929,-88.91560364
"MKK",21.1529006958008,-157.095993041992
"FTK",37.9071006775,-85.9720993042
"\N",34.70840073,-77.43969727
"SJT",31.3577003479004,-100.496002197266
"CXL",32.6694984436,-115.513000488
"CIC",39.79539871,-121.8580017
"BTV",44.4719009399,-73.1532974243
"JAX",30.4941005706787,-81.6878967285156
"DRO",37.1515007019,-107.753997803
"IAD",38.94449997,-77.45580292
"CLL",30.58860016,-96.36380005
"SFF",47.682800292969,-117.32299804688
"MKE",42.9472007751465,-87.896598815918
"ABI",32.4113006592,-99.6819000244
"COU",38.8180999755859,-92.219596862793
"PDX",45.58869934,-122.5979996
"TNT",25.861799240112,-80.897003173828
"PBI",26.6832008361816,-80.0955963134766
"FTW",32.8198013306,-97.3623962402
"OGS",44.6819000244,-75.4654998779
"BFI",47.5299987792969,-122.302001953125
"SKF",29.38419914,-98.58110046
"HNL",21.3187007904053,-157.921997070312
"DSM",41.5340003967285,-93.6631011962891
"EWN",35.0730018616,-77.0429000854
"SAN",32.7336006165,-117.190002441
"MLU",32.5108985900879,-92.0376968383789
"SSC",33.97269821,-80.47059631
"ONT",34.0559997558594,-117.600997924805
"GVT",33.0677986145,-96.0652999878
"ROW",33.3016014099121,-104.53099822998
"DET",42.40919876,-83.00990295
"BRO",25.9067993164062,-97.4259033203125
"DHN",31.3213005065918,-85.4496002197266
"WWD",39.0084991455,-74.9083023071
"MTC",42.6082992553711,-82.8355026245117
"FMN",36.7411994934,-108.230003357
"CRP",27.7703990936279,-97.5011978149414
"SYR",43.111198425293,-76.1063003540039
"NQX",24.57579994,-81.68890381
"MDW",41.7859992980957,-87.7524032592773
"SJC",37.3625984191895,-121.929000854492
"HOB",32.6875,-103.2170029
"PNE",40.08190155,-75.01059723
"DEN",39.861698150635,-104.672996521
"PHL",39.871898651123,-75.241096496582
"SUX",42.40259933,-96.38439941
"MCN",32.692798614502,-83.6492004394531
"TCS",33.2369003296,-107.272003174
"PMD",34.62939835,-118.0849991
"RND",29.52969933,-98.27890015
"NJK",32.8292007446289,-115.671997070312
"CMH",39.9980010986328,-82.8918991088867
"FYV",36.0051002502441,-94.1700973510742
"FSI",34.64979935,-98.40219879
"PNM",45.55989838,-93.60820007
"FFO",39.8260993958,-84.0483016968
"GAL",64.73619843,-156.9369965
"\N",33.2691,-111.810997
"MWL",32.7816009521,-98.0602035522
"IAB",37.62189865,-97.26820374
"NBG",29.82530022,-90.03500366
"BFT",32.4122009277,-80.6343994141
"TXK",33.4537010192871,-93.9909973144531
"PBG",44.6509017944336,-73.4681015014648
"APG",39.466202,-76.1688
"TCC",35.182800293,-103.602996826
"ANC",61.1744003295898,-149.996002197266
"GRK",31.067199707,-97.8289031982
"ZUN",35.0831985473633,-108.791999816895
"BLI",48.7928009033203,-122.53800201416
"NQA",35.356700897217,-89.870300292969
"EKN",38.88940048,-79.85710144
"HFD",41.736698150635,-72.649398803711
"SFZ",41.9207992554,-71.4914016724
"MOB",30.691200256348,-88.242797851562
"NUQ",37.4160995483398,-122.049003601074
"SAF",35.617099762,-106.088996887
"BKH",22.0228004456,-159.785003662
"DRI",30.8316993713,-93.3398971558
"BSF",19.760099411,-155.554000854
"OLS",31.4176998138428,-110.847999572754
"MCF",27.84930038,-82.52120209
"BLV",38.5452,-89.835197
"OPF",25.90699959,-80.27839661
"DRT",29.3742008209,-100.927001953
"RSW",26.5361995697021,-81.7552032470703
"AKN",58.67679977,-156.6490021
"MUI",40.43479919,-76.56939697
"JHM",20.9629001617432,-156.673004150391
"JFK",40.63980103,-73.77890015
"HST",25.48859978,-80.38359833
"RAL",33.95190048,-117.4449997
"FLV",39.3683013916,-94.9147033691
"WAL",37.9402008057,-75.4664001465
"HMN",32.8525009155,-106.107002258
"NXX",40.19979858,-75.14820099
"CYS",41.15570068,-104.8119965
"SCK",37.894199371338,-121.2379989624
"CHS",32.89860153,-80.04049683
"RNO",39.4990997314453,-119.767997741699
"KTN",55.35559845,-131.7140045
"YIP",42.23789978,-83.53040314
"VBG",34.7373008728,-120.583999634
"BHM",33.56290054,-86.75350189
"NEL",40.03329849,-74.353302
"LSV",36.2361984253,-115.033996582
"RIV",33.88069916,-117.2590027
"MOD",37.62580109,-120.9540024
"SMF",38.6954002380371,-121.591003417969
"UGN",42.422199249268,-87.867897033691
"COS",38.805801391602,-104.70099639893
"BUF",42.94049835,-78.73220062
"SKY",41.4333992004,-82.6522979736
"PAE",47.90629959,-122.2819977
"MUO",43.043598,-115.872002
"CDC",37.701000213623,-113.098999023438
"BDL",41.9388999939,-72.6831970215
"MFE",26.17580032,-98.23860168
"NGU",36.93759918,-76.28929901
"CEF",42.19400024,-72.53479767
"LBB",33.6636009216309,-101.822998046875
"ORD",41.97859955,-87.90480042
"BCT",26.3784999847,-80.1076965332
"FAI",64.81510162,-147.8560028
"NYG",38.50170135,-77.30529785
"CVS",34.3828010559,-103.321998596
"NGF",21.4505004883,-157.768005371
"OFF",41.118301391602,-95.912498474121
"GKN",62.1548996,-145.4570007
"ART",43.9919013977051,-76.0216979980469
"PSP",33.8297004699707,-116.50700378418
"AMA",35.2193984985352,-101.706001281738
"FOD",42.55149841,-94.19259644
"BAD",32.5018005371,-93.6626968384
"FOE",38.9509010315,-95.6635971069
"COT",28.45669937,-99.22029877
"ILM",34.2705993652344,-77.9026031494141
"BTR",30.53319931,-91.14959717
"TYR",32.3540992736816,-95.4023971557617
"BWI",39.17539978,-76.66829681
"HBR",34.991317,-99.051313
"LNY",20.7856006622314,-156.95100402832
"AEX",31.3274002075195,-92.5497970581055
"WSD",32.34149933,-106.4029999
"CDB",55.2061004638672,-162.725006103516
"TUL",36.1983985900879,-95.8880996704102
"SIT",57.0471000671387,-135.361999511719
"ISP",40.79520035,-73.10019684
"MSP",44.8819999695,-93.2218017578
"ILG",39.67869949,-75.60649872
"DUT",53.900100708,-166.544006348
"MSY",29.9934005737305,-90.2580032348633
"PWM",43.64619827,-70.30930328
"OKC",35.3931007385254,-97.600700378418
"ALB",42.7482986450195,-73.8016967773438
"VDZ",61.13389969,-146.2480011
"LFI",37.082901001,-76.360496521
"SNA",33.67570114,-117.8679962
"CBM",33.6437988281,-88.4438018799
"TMB",25.6478996277,-80.432800293
"NTU",36.8207016,-76.03350067
"GUS",40.6481018066,-86.1520996094
"CPR",42.90800095,-106.4639969
"VPS",30.4832,-86.525398
"SEM",32.343898773193,-86.987800598145
"EYW",24.5561008453369,-81.7595977783203
"CLT",35.2140007019043,-80.9430999755859
"LAS",36.08010101,-115.1520004
"MCO",28.4293994903564,-81.3089981079102
"FLO",34.1853981018066,-79.7238998413086
"GTF",47.48199844,-111.3710022
"YNG",41.26070023,-80.67910004
"FBK",64.83750153,-147.6139984
"MMV",45.19440079,-123.1360016
"WRB",32.6400985718,-83.5919036865
"PUW",46.7439,-117.110001
"LWS",46.3745002746582,-117.014999389648
"ELM",42.1599006652832,-76.8916015625
"ITH",42.4910011291504,-76.4583969116211
"MRY",36.5870018005371,-121.843002319336
"SBA",34.42620087,-119.8399963
"DAB",29.179899,-81.058098
"TKA",62.320499420166,-150.09399414062
"HVN",41.26369858,-72.88680267
"AVL",35.4361991882324,-82.5418014526367
"GSO",36.0978012084961,-79.9373016357422
"FSD",43.5820007324,-96.741897583
"MHT",42.9325981140137,-71.4356994628906
"APF",26.1525993347,-81.7752990723
"SDF",38.1744,-85.736
"CHO",38.138599395752,-78.4529037475586
"ROA",37.3255004883,-79.975402832
"LEX",38.0364990234375,-84.6059036254883
"EVV",38.0369987488,-87.5324020386
"ABQ",35.0401992797852,-106.609001159668
"BZN",45.77750015,-111.1529999
"BIL",45.8077011108398,-108.542999267578
"BTM",45.9547996520996,-112.497001647949
"TVC",44.7414016723633,-85.5821990966797
"BHB",44.45000076,-68.3615036
"RKD",44.06010056,-69.09919739
"JAC",43.6072998046875,-110.737998962402
"RFD",42.1954002380371,-89.0971984863281
"GSP",34.8956985474,-82.2189025879
"BMI",40.47710037,-88.91590118
"GPT",30.4073009490967,-89.0700988769531
"AZO",42.2349014282227,-85.5521011352539
"TOL",41.58679962,-83.80780029
"FWA",40.97850037,-85.19509888
"DEC",39.8345985412598,-88.8656997680664
"CID",41.8847007751465,-91.7108001708984
"LSE",43.879002,-91.256699
"CWA",44.7775993347,-89.6668014526
"PIA",40.6641998291,-89.6932983398
"ATW",44.2580986023,-88.5190963745
"RST",43.9082984924316,-92.5
"CMI",40.03919983,-88.27809906
"MHK",39.140998840332,-96.6707992553711
"FKL",41.3778991699,-79.8603973389
"GJT",39.1223983765,-108.527000427
"SGU",37.0363888889,-113.510305556
"DWH",30.0618000031,-95.5528030396
"S46",28.4297008514404,-96.4443969726562
"SRQ",27.3953990936279,-82.5543975830078
"VNY",34.209800720215,-118.48999786377
"MLI",41.4485015869141,-90.5074996948242
"PFN",30.212099,-85.6828
"BIS",46.7727012634277,-100.746002197266
"TEX",37.9538002,-107.9079971
"RAP",44.0452995300293,-103.056999206543
"CLD",33.12829971,-117.2799988
"FNT",42.9654006958008,-83.7435989379883
"RDD",40.50899887,-122.2929993
"EUG",44.1245994567871,-123.21199798584
"IDA",43.5145988464355,-112.070999145508
"MFR",42.3741989135742,-122.873001098633
"RDM",44.2541008,-121.1500015
"CAK",40.9160995483398,-81.4421997070312
"HSV",34.637199401855,-86.775100708008
"PKB",39.345100402832,-81.4392013549805
"MGM",32.30059814,-86.39399719
"TRI",36.4752006530762,-82.4074020385742
"PAH",37.0607986450195,-88.7738037109375
"PGA",36.92610168,-111.447998
"FCA",48.3105010986328,-114.255996704102
"MBS",43.532901763916,-84.0795974731445
"BGM",42.20869827,-75.97979736
"BLH",33.6192016602,-114.717002869
"PSG",56.80170059,-132.9450073
"SFB",28.7775993347168,-81.2375030517578
"JST",40.3161010742188,-78.8339004516602
"MSO",46.91630173,-114.0910034
"GCN",35.9524002075195,-112.147003173828
"SGR",29.622299194336,-95.65650177002
"APA",39.57009888,-104.848999
"CVN",34.4250984192,-103.07900238
"FST",30.9157009125,-102.916000366
"LVS",35.6542015076,-105.141998291
"IWS",29.8181991577,-95.6725997925
"LHX",38.04970169,-103.5090027
"LRU",32.2893981933594,-106.921997070312
"BKD",32.71900177,-98.8909988403
"TPL",31.1525001525879,-97.4077987670898
"OZA",30.735300064087,-101.20300292969
"EGE",39.64260101,-106.9179993
"CGF",41.5651016235,-81.4863967896
"MFD",40.8213996887,-82.5166015625
"CSG",32.516300201416,-84.9389038085938
"LAW",34.5676994324,-98.4166030884
"FNL",40.4518013,-105.011001587
"FLG",35.13850021,-111.6709976
"TVL",38.8939018249512,-119.995002746582
"TWF",42.48180008,-114.487999
"MVY",41.3931007385,-70.6143035889
"CON",43.20270157,-71.50229645
"GON",41.3301010131836,-72.0450973510742
"STC",45.5466003417969,-94.0598983764648
"GTR",33.4502983093,-88.5914001465
"HQM",46.9711990356,-123.93699646
"ERI",42.0831270134,-80.1738667488
"HYA",41.66930008,-70.28040314
"SDX",34.848598480225,-111.78800201416
"MGW",39.64289856,-79.91629791
"CRW",38.3731002807617,-81.5932006835938
"AVP",41.3385009766,-75.7233963013
"BJI",47.50939941,-94.93370056
"FAR",46.9207000732422,-96.815803527832
"MKC",39.1231994628906,-94.5927963256836
"GCC",44.3488998413,-105.539001465
"SCE",40.8493003845,-77.8487014771
"MEI",32.3325996398926,-88.7518997192383
"SPI",39.84410095,-89.67790222
"CEZ",37.3030014038,-108.627998352
"HDN",40.48120117,-107.2180023
"GUP",35.511100769,-108.789001465
"LBL",37.0442009,-100.9599991
"LAA",38.0696983337,-102.68800354
"GLD",39.37060165,-101.6989975
"COD",44.520198822,-109.024002075
"SGF",37.24570084,-93.38860321
"JLN",37.151798248291,-94.4982986450195
"ABE",40.652099609375,-75.440803527832
"XNA",36.281898,-94.306801
"SBN",41.7086982727051,-86.3172988891602
"SMD",41.14339828,-85.15280151
"ACV",40.978099822998,-124.109001159668
"OAJ",34.8292007446,-77.6120986938
"TCL",33.220600128174,-87.611396789551
"DBQ",42.40200043,-90.70950317
"ABR",45.4491004943848,-98.4217987060547
"ABY",31.5354995727539,-84.1945037841797
"AHN",33.948600769043,-83.326301574707
"ALM",32.8399009705,-105.990997314
"ALO",42.5570983886719,-92.4002990722656
"ALW",46.09489822,-118.288002
"APN",45.0780983,-83.56030273
"ATY",44.91400146,-97.15470123
"BFD",41.8031005859375,-78.6400985717773
"BFF",41.87400055,-103.5960007
"BKW",37.7873001099,-81.1241989136
"BQK",31.2588005065918,-81.4664993286133
"BRL",40.7831993103027,-91.1255035400391
"CEC",41.78020096,-124.2369995
"CGI",37.2252998352051,-89.57080078125
"CIU",46.2508010864258,-84.4723968505859
"CKB",39.2966003418,-80.2281036377
"CLM",48.1202011108398,-123.5
"CMX",47.168399810791,-88.4890975952148
"DDC",37.7634010314941,-99.9655990600586
"DUJ",41.17829895,-78.8986969
"EAU",44.8657989501953,-91.4842987060547
"EKO",40.8249015808105,-115.791999816895
"EWB",41.6761016845703,-70.956901550293
"FAY",34.9911994934082,-78.8803024291992
"GGW",48.2125015258789,-106.61499786377
"GRI",40.9674987792969,-98.3096008300781
"HOT",34.4780006408691,-93.0961990356445
"HTS",38.36669922,-82.55799866
"IRK",40.0934982299805,-92.5448989868164
"JMS",46.92969894,-98.67819977
"LAR",41.3120994567871,-105.675003051758
"LBE",40.27590179,-79.40480042
"LBF",41.12620163,-100.6839981
"LEB",43.6260986328,-72.3041992188
"LMT",42.1561012268066,-121.733001708984
"LNS",40.1217002868652,-76.2960968017578
"LWT",47.0493011474609,-109.467002868652
"LYH",37.3266983032227,-79.2004013061523
"MKG",43.16949844,-86.23819733
"MLS",46.4280014038086,-105.886001586914
"MSL",34.74530029,-87.61019897
"OTH",43.4170989990234,-124.246002197266
"OWB",37.74010086,-87.16680145
"PIB",31.4671001434326,-89.3370971679688
"PIH",42.9098014831543,-112.596000671387
"PIR",44.38270187,-100.2860031
"PLN",45.57089996,-84.79669952
"PSM",43.0778999329,-70.8233032227
"RDG",40.3785018920898,-75.965202331543
"RHI",45.6311988830566,-89.4674987792969
"RKS",41.59420013,-109.0650024
"RUT",43.52939987,-72.94960022
"SBP",35.2368011475,-120.641998291
"SHR",44.7691993713379,-106.980003356934
"SLK",44.3852996826172,-74.2061996459961
"SLN",38.7910003662109,-97.6521987915039
"SMX",34.89889908,-120.4570007
"TUP",34.2681007385254,-88.7698974609375
"UIN",39.94269943,-91.19460297
"VCT",28.8526000976562,-96.9185028076172
"VLD",30.7824993133545,-83.2767028808594
"WRL",43.9656982421875,-107.950996398926
"YKM",46.56819916,-120.5439987
"ADK",51.8779983520508,-176.64599609375
"GST",58.4253006,-135.7070007
"SGY",59.4600982666016,-135.315994262695
"HCR",62.1883010864258,-159.774993896484
"HNS",59.2438011169434,-135.524002075195
"KLG",61.5363006591797,-160.341003417969
"MCG",62.95289993,-155.6060028
"MOU",62.095401763916,-163.682006835938
"ANI",61.581600189209,-159.542999267578
"VAK",61.5409,-165.6005
"WRG",56.48429871,-132.3699951
"LUP",21.21100044,-156.973999
"WKK",59.2826004028,-158.617996216
"BLF",37.2957992553711,-81.2077026367188
"GLH",33.4828987121582,-90.9856033325195
"PSC",46.2647018432617,-119.119003295898
"KQA",54.1337704415,-165.778895617
"LPS",48.4838981628418,-122.938003540039
"WKL",19.9205,-155.8607
"ORH",42.2672996520996,-71.8757019042969
"PWT",47.490200042725,-122.76499938965
"SPW",43.165500640869,-95.202796936035
"JEF",38.5912017822,-92.1560974121
"PVC",42.0718994141,-70.2213973999
"FUL",33.8720016479,-117.980003357
"\N",35.387798,-80.709099
"SUN",43.50439835,-114.2959976
"MCW",43.1577987671,-93.3312988281
"AZA",33.30780029,-111.6549988
"AKP",68.13359833,-151.7429962
"ANV",62.646702,-160.190994
"ATK",70.4673004150391,-157.436004638672
"GAM",63.7667999267578,-171.733001708984
"HPB",61.52389908,-166.1470032
"KAL",64.31909943,-158.7409973
"KSM",62.0605011,-163.302002
"KVL",67.736198425293,-164.563003540039
"MYU",60.3713989257812,-166.27099609375
"RBY",64.72720337,-155.4700012
"SHH",66.249604,-166.089112
"SVA",63.6864013671875,-170.49299621582
"WTK",67.5661010742188,-162.975006103516
"ARC",68.1147,-145.578995
"HGR",39.707901,-77.72949982
"SDP",55.314998626709,-160.522994995117
"DRG",66.0696029663,-162.76600647
"IGG",59.3240013122559,-155.901992797852
"KNW",59.4499015808,-157.32800293
"KVC",55.1162986755371,-162.266006469727
"PTH",56.959098815918,-158.632995605469
"TOG",59.0527992248535,-160.397003173828
"ESC",45.7226982117,-87.0936965942
"YAK",59.5032997131,-139.660003662
"MWA",37.75500107,-89.01110077
"IMT",45.8184013367,-88.1145019531
"\N",46.5339012145996,-87.5614013671875
"AET",66.5518035889,-152.621994019
"MGC",41.7033004761,-86.8211975098
"SWD",60.1268997192383,-149.419006347656
"GRM",47.8382987976,-90.3828964233
"AUW",44.9262008667,-89.6266021729
"MIE",40.2422981262207,-85.3958969116211
"LAF",40.4123001098633,-86.936897277832
"\N",38.8819007873535,-83.882698059082
"VGT",36.21070098877,-115.19400024414
"ENW",42.59569931,-87.92780304
"MTJ",38.5097999573,-107.893997192
"RIW",43.064201355,-108.459999084
"PDT",45.695098877,-118.841003418
"OSH",43.9844017028809,-88.556999206543
"EAT",47.3988990784,-120.207000732
"\N",32.76919937,-97.4414978
"GYY",41.6162986755371,-87.4128036499023
"BRD",46.39830017,-94.13809967
"LWB",37.8582992554,-80.3994979858
"PGV",35.6352005,-77.38529968
"CYF",60.1492004395,-164.285995483
"OXR",34.200801849365,-119.20700073242
"SCH",42.852500915527,-73.928901672363
"UST",29.959199905396,-81.339797973633
"STS",38.50899887,-122.8130035
"ISM",28.2898006439,-81.4371032715
"LCQ",30.1819992065,-82.5768966675
"\N",29.06699944,-81.28379822
"\N",29.904057,-81.68515
"LGU",41.7911987305,-111.851997375
"BMC",41.5523986816,-112.06199646
"MLD",42.1665992736816,-112.296997070312
"ASE",39.22320175,-106.8690033
"ERV",29.9766998291,-99.0857009888
"GED",38.68920135,-75.35890198
"GBN",38.3442993164,-98.8591995239
"HYS",38.84220123,-99.27320099
"SUS",38.662101745605,-90.652000427246
"LYU",47.82450104,-91.83070374
"GPZ",47.21110153,-93.50980377
"TVF",48.06570053,-96.18499756
"EGV",45.9323005676,-89.2683029175
"ARV",45.92789841,-89.73090363
"IKV",41.6913986206055,-93.5663986206055
"NGP",27.69260025,-97.29109955
"AVX",33.4049,-118.416
"MHV",35.05939865,-118.1520004
"HUT",38.0654983521,-97.8606033325
"STJ",39.771900177002,-94.909698486328
"VOK",43.938999176025,-90.253402709961
"GUC",38.53390121,-106.9329987
"TOA",33.803398132324,-118.33999633789
"MBL",44.2723999,-86.24690247
"PGD",26.92020035,-81.9905014
"WFK",47.2854995728,-68.3127975464
"JHW",42.15340042,-79.25800323
"SME",37.0533981323,-84.6158981323
"SHD",38.2638015747,-78.8964004517
"DVL",48.11420059,-98.90879822
"DIK",46.7974014282,-102.802001953
"SDY",47.70690155,-104.1930008
"CDR",42.837600708,-103.095001221
"AIA",42.0531997681,-102.804000854
"MCK",40.20629883,-100.5920029
"MTH",24.72610092,-81.05139923
"GDV",47.13869858,-104.8069992
"OLF",48.0945014954,-105.574996948
"WYS",44.68840027,-111.1179962
"ALS",37.434898,-105.866997
"CNY",38.75500107,-109.7549973
"ELY",39.29970169,-114.8420029
"VEL",40.4408989,-109.5100021
"SRR",33.462799072266,-105.53500366211
"SOW",34.265499115,-110.005996704
"MYL",44.88970184,-116.1009979
"SMN",45.1237983704,-113.880996704
"MMH",37.62409973,-118.8379974
"FRD",48.5219993591,-123.024002075
"ESD",48.7081985474,-122.910003662
"AST",46.158000946,-123.878997803
"ONP",44.5803985595703,-124.057998657227
"EMK",62.78609848,-164.4909973
"UNK",63.88840103,-160.798996
"UUK",70.3308029175,-149.598007202
"SHX",62.6922988892,-159.569000244
"NUI",70.2099990845,-151.005996704
"EEK",60.21367264,-162.0438843
"KUK",60.87440109,-162.5240021
"KWT",60.7902984619,-161.444000244
"KWK",59.876499,-163.169005
"MLL",61.8642997742,-162.026000977
"RSH",61.7788848877,-161.319458008
"KGK",59.726600647,-157.259002686
"KMO",58.9902000427,-159.050003052
"CIK",66.6449966431,-143.740005493
"EAA",64.77639771,-141.151001
"HUS",66.04109955,-154.2630005
"HSL",65.69789886,-156.3509979
"NUL",64.7293014526367,-158.074005126953
"VEE",67.0086975098,-146.365997314
"WBQ",66.362197876,-147.406997681
"CEM",65.57379913,-144.7830048
"SHG",66.88809967041,-157.16200256348
"IYK",35.65879822,-117.8300018
"VIS",36.3186988831,-119.392997742
"MCE",37.28469849,-120.5139999
"\N",33.4225006104,-112.375999451
"AGN",57.503601,-134.585007
"ELV",58.1952018738,-136.347000122
"FNR",58.2543983459,-134.897994995
"HNH",58.0961,-135.410111
"AFE",56.9613990784,-133.910003662
"MTM",55.1310005187988,-131.578002929688
"HYG",55.206298828125,-132.828002929688
"EGX",58.1855010986,-157.375
"KPV",55.905998,-159.162993
"PIP",57.5803985596,-157.572006226
"WSN",58.7033996582,-157.007995605
"AKK",56.9387016296,-154.182998657
"KYK",57.5671005249,-154.449996948
"KLN",57.5350990295,-153.977996826
"ABL",67.106300354,-157.856994629
"BKC",65.9815979004,-161.149002075
"IAN",66.9759979248,-160.43699646
"OBU",66.9123001099,-156.897003174
"ORV",66.81790161,-161.0189972
"WLK",66.60009766,-159.9859924
"KTS",65.3312988281,-166.466003418
"ELI",64.61470032,-162.2720032
"GLV",64.5504989624,-163.007003784
"TLA",65.2404022217,-166.339004517
"WAA",65.622593,-168.095
"WMO",64.689201355,-163.412994385
"KKA",64.9394989014,-161.154006958
"SMK",63.49010086,-162.1100006
"SKK",64.37110138,-161.223999
"TNC",65.56310272,-167.9219971
"AKB",52.22029877,-174.2059937
"CYT",60.0820007324,-142.492996216
"AUK",62.6800422668,-164.659927368
"KPN",59.9329986572,-164.031005859
"KFP",54.8474006652832,-163.410003662109
"NLG",56.007499694824,-161.16000366211
"PML",56.0060005188,-160.561004639
"KLW",55.5792007446,-133.076004028
"KWN",59.75510025,-161.8450012
"KOT",63.0306015015,-163.533004761
"KYU",64.8760986328,-157.727005005
"SCM",61.8452987671,-165.570999146
"NNL",59.980201721191,-154.8390045166
"KKH",59.9608001709,-162.880996704
"NIB",63.0186004638672,-154.358001708984
"AKI",60.9029006958,-161.231002808
"AIN",70.6380004883,-159.994995117
"NCN",60.0773010254,-147.992004395
"TKJ",63.32949829,-142.9539948
"IRC",65.830498,-144.076008
"SLQ",61.7005004883,-157.166000366
"HKB",63.8661994934082,-148.968994140625
"AQC",55.5546989440918,-133.102005004883
"MHM",63.8860015869141,-152.302001953125
"MLY",64.9975967407,-150.643997192
"MRB",39.40190125,-77.98459625
"RKH",34.9878006,-81.05719757
"AGC",40.3544006347656,-79.9301986694336
"\N",30.2187004089,-81.876701355
"FTY",33.7790985107,-84.5214004517
"OSU",40.0797996521,-83.072998046875
"ADS",32.9686012268,-96.8364028931
"DTS",30.40010071,-86.47149658
"ISO",35.331401825,-77.6088027954
"FFA",36.0181999207,-75.6713027954
"PVU",40.219200134277,-111.72299957275
"SBS",40.5163002,-106.8659973
"DTA",39.3805999756,-112.508003235
"RIF",38.736400604248,-112.098999023438
"PUC",39.61389923,-110.7509995
"LAM",35.8797988892,-106.268997192
"HII",34.571098,-114.358002
"INW",35.021900177,-110.722999573
"DGL",31.3425998688,-109.505996704
"BOW",27.9433994293,-81.7834014893
"LVK",37.6934013367,-121.819999695
"RMY",37.5108985901,-120.040000916
"TRM",33.62670135498,-116.16000366211
"SMO",34.0158004761,-118.450996399
"UDD",33.748401641846,-116.27500152588
"ZSY",33.622898101807,-111.91100311279
"OLM",46.9693985,-122.9029999
"DWA",38.57910156,-121.8570023
"RIL",39.52629852,-107.7269974
"SAA",41.4449005126953,-106.823997497559
"PDK",33.8755989075,-84.3020019531
"BMG",39.1459999084473,-86.61669921875
"SUA",27.18169975,-80.22109985
"MMU",40.7994003295898,-74.4149017333984
"APC",38.2132,-122.280998
"SDM",32.572299957275,-116.98000335693
"VNC",27.071599960327,-82.440299987793
"PHK",26.78499985,-80.69339752
"ECP",30.357106,-85.795414
"SBD",34.0954017639,-117.23500061
"SQL",37.511901855469,-122.25
"RWI",35.8563003540039,-77.8918991088867
"\N",60.7771987915039,-148.72200012207
"SXQ",60.475700378418,-151.033996582031
"SEE",32.826198577881,-116.97200012207
"\N",33.02270126,-118.5879974
"TKF",39.3199996948,-120.13999939
"RYY",34.01319885,-84.59860229
"4U9",44.7356987,-112.720001221
"LVM",45.6994018555,-110.447998047
"6S0",45.8064002990723,-109.981002807617
"BIV",42.742900848389,-86.107398986816
"\N",37.0167007446,-110.200996399
"LAL",27.988899231,-82.0186004639
"IDL",33.485699,-90.678902
"RBK",33.5741996765,-117.127998352
"PCW",41.516300201416,-82.8686981201172
"MGY",39.5890007019,-84.224899292
"RID",39.7571983337402,-84.8427963256836
"FDY",41.0135002136,-83.6687011719
"SPF",44.48030090332,-103.78299713135
"OLV",34.9786987305,-89.7869033813
"BJC",39.90879822,-105.1169968
"SLE",44.90950012,-123.0029984
"UTM",34.680999755859,-90.346702575684
"MWC",43.1104011535645,-88.0344009399414
"JVL",42.620300293,-89.0416030884
"GKY",32.6638984680176,-97.0942993164062
"LZU",33.97809982,-83.96240234
"BWG",36.9645004272,-86.4197006226
"RVS",36.039600372314,-95.984596252441
"BCE",37.706401825,-112.144996643
"\N",36.0485000610352,-79.4748992919922
"JCI",38.8308982849,-94.890296936
"ESN",38.8041992188,-76.0690002441
"MYV",39.09780121,-121.5699997
"DUC",34.47090149,-97.9598999
"UVA",29.2112998962,-99.743598938
"LOT",41.6072998,-88.09619904
"CCR",37.9897003174,-122.056999207
"OCA",25.325399398804,-80.274803161621
"\N",39.2109985352,-82.2313995361
"SGH",39.840301513672,-83.840202331543
"TOP",39.068698883057,-95.622497558594
"\N",29.2294006347656,-99.8238983154297
"\N",37.610022,-86.507262
"\N",36.0089988708,-86.5201034546
"\N",35.205101013184,-85.898101806641
"TKI",33.17789841,-96.59049988
"PWK",42.114222,-87.901494
"KLS",46.1180000305,-122.898002625
"ILN",39.427898407,-83.792098999
"AVW",32.4095993042,-111.218002319
"CGZ",32.954899,-111.766998
"\N",33.1119003295898,-112.268997192383
"BXK",33.42039871,-112.685997
"E63",32.95809937,-112.6780014
"MMI",35.39730072,-84.56259918
"STK",40.61529922,-103.2649994
"RWL",41.80559921,-107.1999969
"CDW",40.8751983643,-74.2814025879
"AIZ",38.0960006714,-92.5494995117
"TVI",30.901599884033,-83.881301879883
"HSH",35.9728012085,-115.134002686
"TMA",31.4290008545,-83.4885025024
"DVT",33.6883010864,-112.083000183
"\N",40.7288017273,-73.4133987427
"HDO",29.35950088501,-99.176696777344
"MCL",63.7326011658,-148.910995483
"LHD",61.1800003051758,-149.97200012207
"PPC",66.814102172852,-150.64399719238
"HLG",40.1749992371,-80.6463012695
"FZG",31.6837005615234,-83.2705001831055
"RKP",28.0867996216,-97.0446014404
"CKF",31.98880005,-83.77390289
"OMN",29.3006000518799,-81.1136016845703
"TTD",45.54940032959,-122.40100097656
"HIO",45.540401,-122.949997
"\N",40.7126007080078,-73.9996032714844
"\N",44.09479904,-121.2009964
"\N",43.236499786377,-120.666000366211
"\N",43.5918998718,-118.955001831
"\N",44.286998748779,-120.90399932861
"\N",40.1506996155,-122.251998901
"\N",38.143600463867,-122.55599975586
"\N",42.1610984802,-120.399002075
"\N",45.4182014465,-123.814002991
"\N",44.020500183105,-117.01399993896
"\N",45.6184997559,-121.166999817
"GAI",39.1683006287,-77.1660003662
"CVX",45.3047981262207,-85.2748031616211
"XFL",29.4673996,-81.20629883
"MVL",44.5345993042,-72.6139984131
"RBD",32.6809005737,-96.8682022095
"WST",41.3496017456,-71.8033981323
"BID",41.1680984497,-71.577796936
"NME",60.471000671387,-164.70100402832
"OOK",60.54140091,-165.0870056
"BGE",30.9715004,-84.63739777
"SPZ",39.4029998779297,-119.250999450684
"WHP",34.2593002319,-118.413002014
"MAE",36.9886016846,-120.111999512
"AAF",29.72750092,-85.02749634
"DQH",31.4766998291016,-82.8604965209961
"FRP",27.49510002,-80.36830139
"TAN",41.8744010925293,-71.0166015625
"PYM",41.9090003967285,-70.7287979125977
"OQU",41.597099304199,-71.412101745605
"OWD",42.1904983521,-71.1728973389
"BAF",42.157799,-72.715599
"IJD",41.7439994812012,-72.1802978515625
"MGJ",41.50999832,-74.26460266
"CXY",40.2170982361,-76.8515014648
"GHG",42.0983009338379,-70.6722030639648
"DXR",41.3714981079,-73.4822006226
"ASH",42.7817001343,-71.5148010254
"LWM",42.7172012329,-71.1233978271
"OXC",41.47859954834,-73.135200500488
"FIT",42.5541000366211,-71.7590026855469
"\N",33.7565002441,-84.8846969604
"VPC",34.1231002807617,-84.8487014770508
"PYP",34.089977,-85.610069
"RMG",34.3506011963,-85.1579971313
"GAD",33.972599,-86.088996
"DKX",35.9639015197754,-83.8739013671875
"WDR",33.98289871,-83.66739655
"JYL",32.6453018188477,-81.5970993041992
"DNN",34.72290039,-84.87020111
"CTJ",33.6310005187988,-85.1520004272461
"LGC",33.0088996887,-85.0726013184
"MLJ",33.15420151,-83.24069977
"PIM",32.8406982422,-84.8824005127
"FFC",33.3572998046875,-84.5718002319336
"GVL",34.27259827,-83.8302002
"PHD",40.470901489258,-81.419700622559
"UDG",34.44940186,-79.89009857
"HHH",32.2243995667,-80.6975021362
"DNL",33.4664993286,-82.0393981934
"MRN",35.8202018737793,-81.6113967895508
"PBX",37.5617981,-82.56639862
"\N",33.3656997680664,-84.1651992797852
"TOC",34.59379959,-83.29579926
"AFW",32.9875984192,-97.3188018799
"57C",42.7971992492676,-88.3725967407227
"LWC",39.01119995,-95.21659851
"EGT",37.323600769043,-97.388298034668
"PMP",26.247100830078,-80.111099243164
"EET",33.17699814,-86.78279877
"\N",33.8180999755859,-111.898002624512
"UMP",39.93519974,-86.04499817
"LOZ",37.0821990967,-84.0848999023
"FBG",35.13180161,-78.93669891
"RAC",42.7606010437,-87.8152008057
"REI",34.0853004455566,-117.146003723145
"RIR",33.9897003173828,-117.411003112793
"TIW",47.26789856,-122.5780029
"JKA",30.29050064,-87.67179871
"HZL",40.9868011475,-75.9949035645
"CBE",39.615398407,-78.7609024048
"\N",24.6487998962402,-81.5798034667969
"LNR",43.2117004395,-90.181602478
"\N",45.7089996337891,-90.4024963378906
"\N",42.6148986816406,-89.5904006958008
"JOT",41.51779938,-88.17549896
"VYS",41.351898,-89.153099
"JXN",42.2597999573,-84.4593963623
"\N",39.95920181,-79.65709686
"\N",40.08530045,-78.5121994
"BBX",40.1375007629,-75.2650985718
"OBE",27.2628002167,-80.8498001099
"SEF",27.45639992,-81.3423996
"AVO",27.59119987,-81.52780151
"GIF",28.06290054,-81.75330353
"ZPH",28.2282009125,-82.1558990479
"OCF",29.17259979,-82.22419739
"JES",31.55400085,-81.88249969
"52A",33.6120986938,-83.4604034424
"CCO",33.3115997314453,-84.7697982788086
"HQU",33.52970123,-82.51650238
"AIK",33.6493988037,-81.6849975586
"CDN",34.2835998535,-80.5649032593
"LBT",34.6099014282,-79.0594024658
"SOP",35.23740005,-79.3911972
"RCZ",34.8913,-79.759598
"DLL",43.52270126,-89.77020264
"SVH",35.765300750732,-80.953903198242
"BUU",42.6907005310059,-88.3046035766602
"LHV",41.13560104,-77.42230225
"\N",40.80160141,-80.16069794
"LPR",41.34429932,-82.17759705
"BKL",41.5175018310547,-81.6832962036133
"DKK",42.49330139,-79.27200317
"VAY",39.9429016113,-74.845703125
"LDJ",40.617401123,-74.2445983887
"ANQ",41.639702,-85.083504
"\N",41.2747001647949,-85.8401031494141
"VNW",40.8647003173828,-84.6093978881836
"\N",42.2512016296387,-84.9554977416992
"GVQ",43.03170013,-78.16760254
"CLW",27.9766998291,-82.7586975098
"CGX",41.8587989807129,-87.6079025268555
"JZP",34.4533996582031,-84.4573974609375
"CRE",33.8116989136,-78.7238998413
"IGQ",41.5349006652832,-87.5295028686523
"RNM",33.0391998291016,-116.915000915527
"OEB",41.9333992,-85.05259705
"WBW",41.2971992493,-75.8511962891
"LNN",41.6839981079,-81.3897018433
"FFT",38.18249893,-84.90470123
"LEW",44.048500061,-70.2835006714
"\N",43.97499847,-90.48349762
"MRK",25.9950008392,-81.6725006104
"DRM",46.0093002319,-83.7438964844
"GDW",43.9706001282,-84.4749984741
"LWA",42.3512001037598,-86.2556991577148
"MFI",44.6369018555,-90.1893005371
"ISW",44.3602981567,-89.8389968872
"CWI",41.8311004639,-90.3291015625
"BVY",42.5842018127,-70.9164962769
"POF",36.773899078369,-90.324897766113
"\N",40.6259994506836,-74.6701965332031
"EPM",44.910099029541,-67.0127029418945
"EOK",40.4598999023,-91.4284973145
"STP",44.9345016479492,-93.0599975585938
"\N",43.1389007568359,-88.472297668457
"\N",39.3638000488,-84.5220031738
"FLD",43.7711982727,-88.4884033203
"PCZ",44.33330154,-89.01979828
"STE",44.5452003479,-89.530296325684
"ERY",46.3111991882324,-85.4572982788086
"GQQ",40.7533988953,-82.7238006592
"CKV",36.6218986511,-87.4150009155
"LPC",34.665599823,-120.468002319
"CTH",39.97900009,-75.8655014
"LKP",44.2644996643,-73.9618988037
"AOH",40.706902,-84.026703
"SSI",31.15180016,-81.39129639
"BFP",40.7724990845,-80.3914031982
"GGE",33.3116989136,-79.3196029663
"HDI",35.220100402832,-84.8323974609375
"RNT",47.4930992126,-122.216003418
"POC",34.091598510742,-117.78199768066
"CTY",29.6354999542,-83.1047973633
"CEU",34.6719017,-82.8864975
"BEC",37.6944999695,-97.2149963379
"\N",34.45539856,-84.93920135
"\N",34.49990082,-83.55670166
"GTU",30.6788005828857,-97.6793975830078
"\N",41.9715004,-73.86289978
"SNY",41.10129929,-102.9850006
"\N",21.3074,-158.070009
"ECA",44.312801,-83.422302
"\N",34.8614006,-86.55750275
"JYO",39.0779991149902,-77.557502746582
"\N",45.14500046,-93.21140289
"SDC",43.23469925,-77.1210022
"WBU",40.0393981934,-105.225997925
"PAO",37.461101532,-122.114997864
"FFZ",33.4608001709,-111.727996826
"P08",32.9359016418457,-111.427001953125
"P52",34.7299995422,-112.035003662
"A39",32.9908056,-111.9185278
"E25",33.96889877,-112.7990036
"PTK",42.665500640869,-83.420097351074
"EEN",42.8983993530273,-72.2707977294922
"\N",48.4211006164551,-106.52799987793
"IOW",41.6391983032,-91.5465011597
"MWM",43.9133987426758,-95.1093978881836
"\N",44.6617012023926,-119.652000427246
"ANP",38.942902,-76.568398
"PEQ",31.382400512695,-103.51100158691
"HBG",31.26479912,-89.25279999
"YKN",42.916698455811,-97.385902404785
"HWD",37.659198761,-122.122001648
"ARB",42.2229995728,-83.7455978394
"4A7",33.389099,-84.332397
"\N",-17.9136009216309,-64.5177993774414
"IMM",26.43320084,-81.40100098
"\N",35.6077003479004,-121.110000610352
"PTB",37.183799743652,-77.507400512695
"SBM",43.76959991,-87.85140228
"MZJ",32.5106010437,-111.32800293
"GEU",33.5269012451172,-112.294998168945
"SAD",32.85480118,-109.6350021
"SIK",36.898899078369,-89.561798095703
"GFL",43.3412017822,-73.6102981567
"5B2",43.05130005,-73.86119843
"CGC",28.8673000335693,-82.5712966918945
"MTN",39.32569885,-76.4138031
"LHM",38.9091987609863,-121.350997924805
"FZI",41.19079971,-83.39450073
"IZG",43.9911003113,-70.9478988647
"\N",26.8544998168945,-82.2511978149414
"NEW",30.042400360107,-90.028297424316
"COE",47.77429962,-116.8199997
"BMT",30.0706996918,-94.2157974243
"DNV",40.19919968,-87.59590149
"TIX",28.514799118042,-80.799201965332
"AAP",29.7224998474,-95.5883026123
"FCM",44.8272018433,-93.4570999146
"OJC",38.84759903,-94.73760223
"OQN",39.9901008605957,-75.581901550293
"MNZ",38.72140121,-77.51540375
"\N",29.1086006165,-95.462097168
"2H0",39.4104003906,-88.8453979492
"\N",47.1957015991211,-122.022003173828
"FDW",34.3154983520508,-81.1088027954102
"DAW",43.2840995788574,-70.9292984008789
"EWK",38.0582008362,-97.2744979858
"TZR",46.3931007385254,17.9174995422363
"FBR",41.3918991089,-110.406997681
"S40",46.21340179,-119.7910004
"CLS",46.6769981384,-122.983001709
"M94",46.6874008178711,-119.920997619629
"EVW",41.27479935,-111.0350037
"K83",39.9042015075684,-95.7794036865234
"LRO",32.89780045,-79.78289795
"\N",32.1108017,-84.18890381
"EUF",31.9512996674,-85.1288986206
"6J4",33.9267997741699,-81.7946014404297
"MEO",35.91899872,-75.69550323
"AUO",32.61510086,-85.43399811
"CZG",42.078499,-76.096296
"EKY",33.31290054,-86.92590332
"A50",38.8744010925293,-104.410003662109
"MIC",45.0620002746582,-93.3538970947266
"23M",32.0848999023,-88.738899231
"DBN",32.56439972,-82.98529816
"CVO",44.49720001,-123.2900009
"\N",-35.9605560302734,-71.7933349609375
"\N",10.0666666030884,-84.8833312988281
"CWT",-33.8446998596191,148.649002075195
"OGD",41.195899963379,-112.0120010376
"RKR",35.021598815918,-94.6212997436523
"AKO",40.1755981445,-103.222000122
"SHN",47.233600616455,-123.14800262451
"WNA",60.690299987793,-161.97900390625
"PKA",60.70289993,-161.7779999
"\N",63.303333,-143.001111
"2A5",35.9118003845215,-79.6175994873047
"DYL",40.3330001831,-75.1222991943
"OCW",35.570499420166,-77.049797058105
"7W6",35.5624008178711,-75.9552001953125
"\N",36.161201477051,-97.08570098877
"\N",35.668098449707,-95.948699951172
"\N",35.9499015808,-96.7731018066
"\N",35.3398017883,-99.2005004883
"\N",37.168598175,-97.0375976562
"\N",35.53419876,-97.64710236
"\N",32.5401992798,-93.7450027466
"\N",32.215301513672,-98.177696228027
"\N",36.3856010437012,-97.2771987915039
"\N",31.6658992767334,-98.1485977172852
"\N",34.8042984009,-96.6713027954
"\N",32.7470016479492,-96.530403137207
"\N",33.2006988525,-97.1979980469
"\N",30.3974931,-97.5663935
"\N",30.4986000061035,-97.9694976806641
"\N",30.21899986,-96.3742981
"\N",30.3575000762939,-97.994499206543
"\N",30.9057006836,-101.891998291
"\N",29.8127002716064,-98.4253005981445
"UKF",36.2228012085,-81.0982971191
"JZI",32.7009010314941,-80.0028991699219
"DAN",36.5728988647461,-79.3360977172852
"0V4",37.1417007446,-79.0164031982
"CQW",34.71289825,-79.95700073
"\N",27.51490020752,-81.880500793457
"HYW",33.82849884,-79.12220001
"HBI",35.65449905,-79.8946991
"\N",34.7178993225098,-78.0036010742188
"EMV",36.6869010925293,-77.4828033447266
"EMT",34.086101532,-118.035003662
"I16",37.600399017334,-81.5593032836914
"SSF",29.336999893188,-98.471099853516
"JSV",35.4382019,-94.80280304
"JAS",30.88570023,-94.03489685
"87K",37.8567008972168,-93.9990997314453
"MRF",30.371099,-104.017997
"E38",30.3841991425,-103.683998108
"CCB",34.1115989685,-117.68800354
"IOB",38.05810165,-83.979599
"EKI",41.7193984985,-86.0031967163
"C03",41.4462013244629,-85.9347991943359
"CUB",33.970500946,-80.9952011108
"GMJ",36.60680008,-94.73860168
"MPR",38.35240173,-97.69129944
"GYH",34.7583007812,-82.3764038086
"PXE",32.5106010437012,-83.7673034667969
"HVS",34.4030990601,-80.1192016602
"IGX",35.935001,-79.065902
"SUT",33.9292984,-78.07499695
"FCI",37.40650177,-77.52500153
"HNZ",36.36159897,-78.52919769
"LEE",28.82309914,-81.80870056
"CNO",33.97470093,-117.637001
"UYF",39.93270111,-83.46199799
"PRB",35.67290115,-120.6269989
"HAF",37.5134010315,-122.500999451
"WJF",34.74110031,-118.2190018
"TDF",36.28490067,-78.98419952
"ASN",33.5699005127,-86.0509033203
"GMU",34.8479003906,-82.3499984741
"MKT",44.22159958,-93.91870117
"TOI",31.860399246216,-86.012100219727
"SCD",33.1717987060547,-86.3054962158203
"EDN",31.29969978,-85.89990234
"\N",32.1422004699707,-111.175003051758
"ALX",32.9146995544,-85.9629974365
"\N",41.5087013244629,-72.8294982910156
"\N",38.970100402832,-75.8663024902344
"UWL",39.87590027,-85.32649994
"TQK",38.4743003845215,-100.88500213623
"HDE",40.452099,-99.336502
"PTT",37.70159912,-98.74690247
"AHQ",41.2412986755,-96.59400177
"LXN",40.7910003662,-99.7772979736
"19S",37.49140167,-100.8300018
"CBF",41.2592010498,-95.760597229
"OKK",40.528198242188,-86.05899810791
"2K7",37.4353981018066,-95.6461029052734
"\N",61.7956008911133,-148.354995727539
"EHA",37.000702,-101.879997
"FTG",39.7853012084961,-104.542999267578
"GBG",40.9379997253,-90.431098938
"GUY",36.6851005554,-101.508003235
"MEJ",37.2769012451172,-100.356002807617
"\N",36.5917015075684,-93.6669006347656
"ULS",37.60400009,-101.3740005
"\N",39.2799987792969,-103.067001342773
"IDP",37.1584014893,-95.7783966064
"3AU",37.6716003417969,-97.0779037475586
"LQR",38.20859909,-99.08599854
"LZZ",31.1061992645264,-98.1958999633789
"BYY",28.9733009338,-95.8635025024
"PRX",33.636600494385,-95.450798034668
"CFV",37.09400177,-95.5718994141
"\N",33.9357986450195,-81.4297027587891
"GXY",40.4374008179,-104.633003235
"\N",35.20069885,-90.05400085
"OEL",52.9347000122,36.0022010803
"FET",41.44910049,-96.52020264
"LGD",45.2901992798,-118.007003784
"MPO",41.13750076,-75.37889862
"UKT",40.435199737549,-75.381896972656
"BNG",33.9230995178,-116.850997925
"OFK",41.985500335693,-97.435096740723
"AWO",48.16070175,-122.1589966
"TPF",27.915599822998,-82.44930267334
"MTP",41.0764999389648,-71.9207992553711
"VPZ",41.45399857,-87.00710297
"LDM",43.96250153,-86.40789795
"RHV",37.332901001,-121.819000244
"\N",34.2136993408203,-119.09400177002
"WVI",36.9356994629,-121.790000916
"JGG",37.239200592041,-76.7161026000977
"MRT",40.2247009277344,-83.3516006469727
"ALN",38.8903007507,-90.0459976196
"AXN",45.8662986755,-95.3946990967
"CLU",39.2619018555,-85.8963012695
"BBD",31.1793003082,-99.3238983154
"BIH",37.3731002808,-118.363998413
"BKE",44.8372993469,-117.808998108
"BPI",42.58509827,-110.1110001
"WMH",36.3689002991,-92.4704971313
"BTL",42.3073005676,-85.2515029907
"BYI",42.5425987244,-113.772003174
"CCY",43.0726013184,-92.6108016968
"CNU",37.668800354,-95.4850997925
"CRG",30.3362998962,-81.5143966675
"CSV",35.9513015747,-85.0849990845
"DAA",38.7150001526,-77.1809997559
"DAG",34.85369873,-116.7870026
"DMN",32.262298584,-107.721000671
"DRA",36.6194,-116.032997
"EED",34.7663002014,-114.623001099
"EGI",30.65040016,-86.52290344
"EKA",40.8033981323,-124.112998962
"HYI",29.8927001953125,-97.8629989624023
"HYR",46.0251998901,-91.4442977905
"JCT",30.5112991333,-99.7634963989
"LLQ",33.6385994,-91.75099945
"LOL",40.0663986206,-118.565002441
"MBG",45.54650116,-100.4079971
"MCB",31.17849922,-90.47190094
"MDH",37.7780990600586,-89.2519989013672
"MMT",33.92079926,-80.80130005
"NHZ",43.89220047,-69.93859863
"NRB",30.39109993,-81.42469788
"OGB",33.456798553467,-80.859497070312
"OLU",41.44800186,-97.34259796
"OTM",41.10660172,-92.44789886
"OZR",31.27569962,-85.71340179
"PWY",42.79550171,-109.8069992
"POU",41.6265983581543,-73.8842010498047
"RNH",45.14830017,-92.5381012
"RSL",38.872100830078,-98.811798095703
"RWF",44.54719925,-95.08229828
"SNS",36.662799835205,-121.60600280762
"SOA",30.585699081421,-100.6490020752
"SUZ",34.59059906,-92.47940063
"TPH",38.06019974,-117.086998
"UAO",45.2471008300781,-122.769996643066
"UKI",39.125999450684,-123.20099639893
"UOX",34.384300231934,-89.536796569824
"HTV",30.7469005585,-95.5871963501
"VTN",42.85779953,-100.5479965
"WMC",40.8965988159,-117.805999756
"WWR",36.438,-99.5226667
"XMR",28.4675998688,-80.5665969849
"\N",37.2350006103516,-115.810997009277
"ZZV",39.9444007874,-81.8920974731
"ENN",64.5473022460938,-149.074005126953
"WWA",61.5717010498,-149.539993286
